asset_id,asset_type,family,pack,relative_path,size_bytes,sha256,modified_ns,enabled
content_abi,pack,general,content_abi.udata,content_abi.udata,612,9330daf8ea5a8160de9ab54e6c7f05cb81f4f61d17b8c5955e0f710b3b3f4c78,0,true
solo_paw,accessibility,solo_paw.udata,core,core/accessibility/solo_paw.udata,736,d3a34513dfe10a6d8880ce45216a4496aa8f1f32fb015a01b06664bfad9e458b,0,true
pivot10_motion_skeleton,animation,pivot10_motion_skeleton.udata,core,core/animation/pivot10_motion_skeleton.udata,1185,d3700282e8063f5da13cf2006d2180ffe4a035dc37b47da7902630b9c3342cc6,0,true
hash_dog_bark,audio,hash_dog_bark.scaudio,core,core/audio/hash_dog_bark.scaudio,712,dd73000182e9a5c22a49f94409acd6fd30e314adb26d4c3492b3f97f0bde4fed,1785544567145458437,true
machine_profile_defaults,benchmark,machine_profile_defaults.udata,core,core/benchmark/machine_profile_defaults.udata,668,da04472f6a83bd2e81030caf6f7288ef04b2bc18f234c69fb6490daf8ff9069a,0,true
machine_profile_defaults.udata.asset,benchmark,machine_profile_defaults.udata.asset.udata,core,core/benchmark/machine_profile_defaults.udata.asset.udata,391,2aca83086605d3feff2d0c8a29dc85d5f69254262727aab3a0e65468ad7a764c,0,true
solo_paw,controls,solo_paw.udata,core,core/controls/solo_paw.udata,1250,005f1f21c09bf6722dab2e490bd28712ffb625287e007c4ed8f8f485e5a9b3bc,0,true
pivot11_inventory_items,economy,pivot11_inventory_items.udata,core,core/economy/pivot11_inventory_items.udata,524,6178ad03ae51c9cb22430b2ff4b3b8d97298b260d6ced807e670f1c8b283eaa9,0,true
pivot13_ammo_tablet,economy,pivot13_ammo_tablet.udata,core,core/economy/pivot13_ammo_tablet.udata,1021,0cff6dafb192cde5a28b104f02f6248fd74d05bc1654816470f29576321e5290,0,true
formless_shadow,entities,formless_shadow.udata,core,core/entities/formless_shadow.udata,943,e6de52efa8fd53000255d683fff35abbb6a112287c1b271a6845b1e3ff9d5b9e,0,true
hash_dog,entities,hash_dog.udata,core,core/entities/hash_dog.udata,844,7e9820e82507594a2923cf1a317d0c44a1da4b4707227d1b31798c6d35acb158,0,true
Terminal_00,signalcloud_font,font,core,core/fonts/terminal_00/Terminal_00.scfont,75535,e40e1f1daadf056894f945fe763ed65221bba5b2e1b12197fa13ddc97972994b,0,true
Terminal_00.scfont.asset,fonts,terminal_00,core,core/fonts/terminal_00/Terminal_00.scfont.asset.udata,342,3e5fc3f7412105a81e307fd54571e6c76f3dc462ff4c6384f44f0b157f500b02,0,true
a8a1_item_definitions,items,a8a1_item_definitions.udata,core,core/items/a8a1_item_definitions.udata,1498,4cb09acca6d42496b2dd6304ddeec6650f3e901e00a4b951787a72ee531343fb,0,true
a8a1_item_definitions.udata.asset,items,a8a1_item_definitions.udata.asset.udata,core,core/items/a8a1_item_definitions.udata.asset.udata,331,ef96252ca6d1fbb2ad820f8ab2ba490926a4df012adbffc10552a8574d40799c,0,true
authoring_lab_default,lights,authoring_lab_default.slight,core,core/lights/authoring_lab_default.slight,3753,b91c59e2708d564fd4bae6c2f6e5281bb97b6a78128667be63f3af80b4227781,0,true
ceiling_tile,materials,ceiling_tile.jmap,core,core/materials/ceiling_tile.jmap,1396,51b936aba027286507ed8816b1d11b8442d758174e60197ca623af217bd64a44,0,true
office_carpet,materials,office_carpet.jmap,core,core/materials/office_carpet.jmap,1437,478d70894c9e3df041dbfae7582793b33e4837ab1cdf7a9327fae33e05a942f1,0,true
office_wallpaper,materials,office_wallpaper.jmap,core,core/materials/office_wallpaper.jmap,1543,528cae1d542bd58ac4d32e99fc2ad851a0f7087688a257846adc352578009d34,1785544566757458428,true
reception_tape_surfaces,materials,reception_tape_surfaces.texgraph,core,core/materials/reception_tape_surfaces.texgraph,1568,38f4ffa79e700d5c5cc4b8771c3026deb09d1d28ba375caeafb9d2f5f9c457a7,0,true
pack,pack.udata,general,core,core/pack.udata,1031,7d6956524a62f79372a4d0c3b5cac987f15a93ddeedeec52eb65857b87a8ccdc,0,true
hash_dog_signal_investigate,playbooks,hash_dog_signal_investigate.playbook,core,core/playbooks/hash_dog_signal_investigate.playbook,1243,e3cfd94eb7992d1f99f139d01659bd2ca321175e1f1416784a79de3686f21b4f,0,true
hash_dog_signal_investigate.playbook.asset,playbooks,hash_dog_signal_investigate.playbook.asset.udata,core,core/playbooks/hash_dog_signal_investigate.playbook.asset.udata,358,a998bc4d052bb3e69b14d123b6d5cdfac8dd6e6523a618fb5246f1e55e97e022,0,true
water_pressure_pulse,playbooks,water_pressure_pulse.playbook,core,core/playbooks/water_pressure_pulse.playbook,1176,f8b93af109b9e5138a0275d37d6791258287144ea5c69bc4cc0bb4959fba1a89,0,true
water_pressure_pulse.playbook.asset,playbooks,water_pressure_pulse.playbook.asset.udata,core,core/playbooks/water_pressure_pulse.playbook.asset.udata,351,ab0e9d5368af8e317d2ee7885c53a2eaa88e5acbb610b44669ab2d59f432f0a5,0,true
live_3d_death_proof,proofs,live_3d_death_proof.udata,core,core/proofs/live_3d_death_proof.udata,540,fb17dc0ac97e20f9fa58a1656ddcad44f2c7b77a89342993727dd9e8ca1c1bf9,0,true
pivot10_point_pools,renderer,pivot10_point_pools.udata,core,core/renderer/pivot10_point_pools.udata,818,df074220dd41f01d0447b8c440bf49f14afa314b824819893172495f7d47650c,0,true
pivot11_submission_governor,renderer,pivot11_submission_governor.udata,core,core/renderer/pivot11_submission_governor.udata,629,14ce59a4affbd9636ae39ac6308fa1b0cce8abe2011887e95dc586f3f781ac3f,0,true
pivot12_ar_interface,renderer,pivot12_ar_interface.udata,core,core/renderer/pivot12_ar_interface.udata,782,08323407fe8044e9e6be7480ab3b6e1b5617cd1fb68c22830a2395f383e0ba7a,0,true
pivot12_compact_tactical_map,renderer,pivot12_compact_tactical_map.udata,core,core/renderer/pivot12_compact_tactical_map.udata,421,024c08adbdc5c9762fb21016079115fe5a4bad5ac3af2858e505dcb6a2ee2dc7,0,true
pivot12_jam_topology_atlas,renderer,pivot12_jam_topology_atlas.udata,core,core/renderer/pivot12_jam_topology_atlas.udata,753,530c8e501ed8e1a0f87f363114422a672a77e4984002702912cd643ad82258da,0,true
pivot13_adaptive_8m,renderer,pivot13_adaptive_8m.udata,core,core/renderer/pivot13_adaptive_8m.udata,778,09a89197b97fba8e5d863affefd1f47ed0c238ae6657493dc86ff645db79d1db,0,true
pivot4_active_stream,renderer,pivot4_active_stream.udata,core,core/renderer/pivot4_active_stream.udata,358,337ab2c3bb065ba3deeb90ae23a63ff068c4266bb7335c692189db8bd55017e5,0,true
pivot5_water_points,renderer,pivot5_water_points.udata,core,core/renderer/pivot5_water_points.udata,552,7720f416c4111d3c65ff9a55e62cf7ab6b4a5b28d16d7216554f1cf5609a4930,0,true
pivot6_distance_water,renderer,pivot6_distance_water.udata,core,core/renderer/pivot6_distance_water.udata,635,a2d95857c50f29e9b8dcc1e88212c1216e89d56cfdea8f219a7121b3629bdff1,0,true
pivot6_reactive_light,renderer,pivot6_reactive_light.udata,core,core/renderer/pivot6_reactive_light.udata,733,c45704e5f5c4fe3a8a41304077d8272dc3cf1713cb373d8d8c5eb3e364848f57,0,true
pivot7_aperture_clipping,renderer,pivot7_aperture_clipping.udata,core,core/renderer/pivot7_aperture_clipping.udata,503,1a712cf5de922d230d828fd2249a1924afa9a31a132acbb78cb58777ff362b3c,0,true
pivot8_submerged_layers,renderer,pivot8_submerged_layers.udata,core,core/renderer/pivot8_submerged_layers.udata,639,e5a601a47c12b11be2fcfa59b8cde7a1da487a9cfd7e86c37715a20c438ea45f,0,true
pivot8_threshold_envelope,renderer,pivot8_threshold_envelope.udata,core,core/renderer/pivot8_threshold_envelope.udata,451,0c5215178e3e7c773b59f07b26c2fb765a58844faef110bdc7b67b727efee35e,0,true
pivot9_dynamic_entities,renderer,pivot9_dynamic_entities.udata,core,core/renderer/pivot9_dynamic_entities.udata,624,bbb4dc8a3821bd47d7de1cd4b303e98a9ee559d6750e36007f7059e44b63dc77,0,true
pivot_renderer,renderer,pivot_renderer.udata,core,core/renderer/pivot_renderer.udata,1296,558c9e72b08309f4749100545b45f22074d49981e78d9492bf61a04d007f5def,0,true
point_lab_profiles,renderer,point_lab_profiles.udata,core,core/renderer/point_lab_profiles.udata,784,187b894e201f389c4084066154d25f75e1de804f2e42eea75578ed2630e04973,0,true
a10a1_public_source_audit_release_staging,rules,a10a1_public_source_audit_release_staging.udata,core,core/rules/a10a1_public_source_audit_release_staging.udata,674,d6720647af8f8ab74a2b0d7594fae4140d4934fe2da5ef10dc85679fb7fd2f7f,0,true
a10a1_public_source_audit_release_staging.udata.asset,rules,a10a1_public_source_audit_release_staging.udata.asset.udata,core,core/rules/a10a1_public_source_audit_release_staging.udata.asset.udata,322,54cdc5538bef7898f0b4a42c1652527c13961737b07cbea7d5d439cbdf3e5a33,0,true
a8a1_tupd_authoring_kernel,rules,a8a1_tupd_authoring_kernel.udata,core,core/rules/a8a1_tupd_authoring_kernel.udata,688,793ca1cbb00ac11a37b7cc04fded2e6215be9154ebdf8d2fc0dd823fa7a2ac3c,0,true
a8a1_tupd_authoring_kernel.udata.asset,rules,a8a1_tupd_authoring_kernel.udata.asset.udata,core,core/rules/a8a1_tupd_authoring_kernel.udata.asset.udata,331,ad61805d0a8903d9f7253afdd5a28d4d925edc681408ebe70374452a5c91fb16,0,true
a8a2_tupd_result_instance_testing,rules,a8a2_tupd_result_instance_testing.udata,core,core/rules/a8a2_tupd_result_instance_testing.udata,540,9a1159f3cdc5a02dd46071e8c048dc43de940e9f94af69b2a1aaf307fd9be586,0,true
a8a2_tupd_result_instance_testing.udata.asset,rules,a8a2_tupd_result_instance_testing.udata.asset.udata,core,core/rules/a8a2_tupd_result_instance_testing.udata.asset.udata,369,66f4ea745b0a8a3aa99cd7caa28f16d696c16974ff614be2022aa636a3e61920,0,true
a8a3_tupd_graph_authoring_closure,rules,a8a3_tupd_graph_authoring_closure.udata,core,core/rules/a8a3_tupd_graph_authoring_closure.udata,892,577cb74bac45fe3675e22a1b181acce3387a7262484dd4b385973caea5fa5546,0,true
a8a3_tupd_graph_authoring_closure.udata.asset,rules,a8a3_tupd_graph_authoring_closure.udata.asset.udata,core,core/rules/a8a3_tupd_graph_authoring_closure.udata.asset.udata,386,287cee7a41c9441ccdff7bb73421f24316253ee2a86863c057bf6e30f7f94e72,0,true
a8a3r1_tupd_visual_usability_repair,rules,a8a3r1_tupd_visual_usability_repair.udata,core,core/rules/a8a3r1_tupd_visual_usability_repair.udata,739,4087e6a243668731ff4f152f189cf4e89cee07a56e562d6e29f2f8bda8304f1d,0,true
a8a3r1_tupd_visual_usability_repair.udata.asset,rules,a8a3r1_tupd_visual_usability_repair.udata.asset.udata,core,core/rules/a8a3r1_tupd_visual_usability_repair.udata.asset.udata,396,27bed58f1e656d8f2edec6ea328dee5d456737f0a5565de66069f0d9288491fe,0,true
a9a1_machine_profile_foundation,rules,a9a1_machine_profile_foundation.udata,core,core/rules/a9a1_machine_profile_foundation.udata,833,d755996843dd8cdfdc71be65786863aaeb7325efc1931d5af91d4df6735d91de,0,true
a9a1_machine_profile_foundation.udata.asset,rules,a9a1_machine_profile_foundation.udata.asset.udata,core,core/rules/a9a1_machine_profile_foundation.udata.asset.udata,398,b2799149fdc901d3a28eb54237585b49966902557fabea31be1678bcc53baf65,0,true
a9a2_watchdog_interrupted_recovery,rules,a9a2_watchdog_interrupted_recovery.udata,core,core/rules/a9a2_watchdog_interrupted_recovery.udata,776,6b2e14513b783884f08ba5709d72006a97b03d47cf91354eff56a32c6a9ec5fd,0,true
a9a2_watchdog_interrupted_recovery.udata.asset,rules,a9a2_watchdog_interrupted_recovery.udata.asset.udata,core,core/rules/a9a2_watchdog_interrupted_recovery.udata.asset.udata,397,0a67fbdd7bd324f3a80ea236d54a601ced804a811f89c3c354a9e7ba220bd83a,0,true
a9a2r1_build_hygiene_profile_signature_repair,rules,a9a2r1_build_hygiene_profile_signature_repair.udata,core,core/rules/a9a2r1_build_hygiene_profile_signature_repair.udata,811,2b8b19dcc7308a3dd3e4baeac2647e9fb56cfcc33ef322b57c5bc57ac165533e,0,true
a9a2r1_build_hygiene_profile_signature_repair.udata.asset,rules,a9a2r1_build_hygiene_profile_signature_repair.udata.asset.udata,core,core/rules/a9a2r1_build_hygiene_profile_signature_repair.udata.asset.udata,411,f2731ccf207fe569ea74b9e9c15af9fbb084b8e77f926ec2fa7de105dbcd1d39,0,true
a9a2r2_manifest_signature_parity_repair,rules,a9a2r2_manifest_signature_parity_repair.udata,core,core/rules/a9a2r2_manifest_signature_parity_repair.udata,454,780a16728baba3dc6ecd465c8ee6de7cbb9c60bba3b582caa9403597d3355c6d,0,true
a9a2r2_manifest_signature_parity_repair.udata.asset,rules,a9a2r2_manifest_signature_parity_repair.udata.asset.udata,core,core/rules/a9a2r2_manifest_signature_parity_repair.udata.asset.udata,317,c129a7dd4f01710fc1a9841b2f754e1ebff784a43e2ee5bc97b1283512b694b9,0,true
a9a3_workload_memory_thermal_closure,rules,a9a3_workload_memory_thermal_closure.udata,core,core/rules/a9a3_workload_memory_thermal_closure.udata,1116,9d53b8ee580b8024b77c721404c3f9910f1dc2ca6b7f39e8275088922e6ecd54,0,true
a9a3_workload_memory_thermal_closure.udata.asset,rules,a9a3_workload_memory_thermal_closure.udata.asset.udata,core,core/rules/a9a3_workload_memory_thermal_closure.udata.asset.udata,311,40b025257c6588fd9e75ca244b7dbf190604cd77949e9492942ce78be60a29ab,0,true
a9a3r1_thermal_authority_benchmark_continuity,rules,a9a3r1_thermal_authority_benchmark_continuity.udata,core,core/rules/a9a3r1_thermal_authority_benchmark_continuity.udata,1232,09a2b5e36dd9fdc5efcced2f0b3a4c4286bf1d736f6feaa4fa1d52d6b1de5ac5,0,true
a9a3r1_thermal_authority_benchmark_continuity.udata.asset,rules,a9a3r1_thermal_authority_benchmark_continuity.udata.asset.udata,core,core/rules/a9a3r1_thermal_authority_benchmark_continuity.udata.asset.udata,329,b49c8fb0710ceea4de5cf9aafbf8573a5e1d3f5c9a10c94fd9d4c6189802a6b2,0,true
a9a3r2_generation_heartbeat_truthful_hud,rules,a9a3r2_generation_heartbeat_truthful_hud.udata,core,core/rules/a9a3r2_generation_heartbeat_truthful_hud.udata,795,61cea6dccd066794c13412bc9c6d3a083eba023d98b767228216300e1017b221,0,true
a9a3r2_generation_heartbeat_truthful_hud.udata.asset,rules,a9a3r2_generation_heartbeat_truthful_hud.udata.asset.udata,core,core/rules/a9a3r2_generation_heartbeat_truthful_hud.udata.asset.udata,319,22949a26a91efdc4e629de8e7d67d95477f9d49de45fe54d7a354569e8cc7af0,0,true
pivot10_combat_readability,rules,pivot10_combat_readability.udata,core,core/rules/pivot10_combat_readability.udata,1046,5114e3b2ab292c71f9990409b9a26c1a13f5367af4796f0c9be3bccd2d2639d8,0,true
pivot11_scavenging_exchange,rules,pivot11_scavenging_exchange.udata,core,core/rules/pivot11_scavenging_exchange.udata,689,725e9d5899fb481ea77d8b93b84ba6beb14f2e3314d69ef60e24611b1630e7a3,0,true
pivot12_directional_room_memory,rules,pivot12_directional_room_memory.udata,core,core/rules/pivot12_directional_room_memory.udata,806,ed8716c32adbc546680a8cd697f3900babc0a63f916c2091f5f1ba4a4f53408d,0,true
pivot12_tactical_memory,rules,pivot12_tactical_memory.udata,core,core/rules/pivot12_tactical_memory.udata,539,d4da2fefd543a3fc788ab98dc2dde62717710ef0be208235480d23863a2e2a77,0,true
pivot12_world_combat,rules,pivot12_world_combat.udata,core,core/rules/pivot12_world_combat.udata,448,915f5ece5811cf1971f327c7ed8412b27d24b049c3ddbf382cd70164feb49d58,0,true
pivot13_death_recovery,rules,pivot13_death_recovery.udata,core,core/rules/pivot13_death_recovery.udata,776,51619fc5228d6b89d0932eb9527acadfc66b6fdd1ca82d33873e9b9d1c5dfa34,0,true
pivot13_threat_navigation,rules,pivot13_threat_navigation.udata,core,core/rules/pivot13_threat_navigation.udata,1459,29e8a485fc4b443ab95960d245da8a015e91a19bbcbf4b873e0c0bc06a482b86,0,true
pivot13_threshold_pursuit,rules,pivot13_threshold_pursuit.udata,core,core/rules/pivot13_threshold_pursuit.udata,1046,a0c964a3f36c0168992822802689b7487aaff7a8d317b4735287921f633e9c3c,0,true
pivot13_world_threat_director,rules,pivot13_world_threat_director.udata,core,core/rules/pivot13_world_threat_director.udata,1080,f2e7ecf56d710786dc08f5400530b65ca4fe5225c6037ff96e9c6954aa59c1f4,0,true
pivot2_movement,rules,pivot2_movement.udata,core,core/rules/pivot2_movement.udata,546,bb869e480fb382d4a8f3259469a0205d188f2973f7220632b86fc405aa8f8e25,0,true
pivot3_portals,rules,pivot3_portals.udata,core,core/rules/pivot3_portals.udata,536,b32ab0c71c5fa995794ec3116f5ab8a7e2bf4e66604cdb4e78c79efb5f308eb9,0,true
pivot5_collision_recovery,rules,pivot5_collision_recovery.udata,core,core/rules/pivot5_collision_recovery.udata,867,2358b7e5ea191c57cc982ba61e77e44626b8b68d955e137f79e68424f43a047b,0,true
pivot5_dual_siren,rules,pivot5_dual_siren.udata,core,core/rules/pivot5_dual_siren.udata,681,77a1018623886e3dfe2113594dff234de865639291961406ae167793d57be80b,0,true
pivot5_traversal_water,rules,pivot5_traversal_water.udata,core,core/rules/pivot5_traversal_water.udata,865,2b8d4fe40d796a128e326a2d99d2578c07ee72608a748474cebcc3e9759dd01b,0,true
pivot6_depth_survival,rules,pivot6_depth_survival.udata,core,core/rules/pivot6_depth_survival.udata,709,2c1c151d0c7d2a40fe92f79f968f192c14337dd3d81ed2b3e8d88b52373648c9,0,true
pivot6_room_continuity,rules,pivot6_room_continuity.udata,core,core/rules/pivot6_room_continuity.udata,814,bb12d7271812f9a23e92b8d173eb8bdc65d0f621c374a26a99163e2b46c5f922,0,true
pivot6_save_jump,rules,pivot6_save_jump.udata,core,core/rules/pivot6_save_jump.udata,680,f445cc9afbbe29c6dd2887fc257685b1862ae88daa6d02e9cc86a1c6b2a70087,0,true
pivot7_threshold_aperture,rules,pivot7_threshold_aperture.udata,core,core/rules/pivot7_threshold_aperture.udata,462,be53d53c0b312b985f6534209f12570bd02fd13b3e8bc5acbb9525af8839cb85,0,true
pivot8_structural_envelope,rules,pivot8_structural_envelope.udata,core,core/rules/pivot8_structural_envelope.udata,430,bc4a314f6489fcdc3f4a2319438c397d60c6a78797bbb36504ff393c6fcd60cc,0,true
pivot8_wet_boundaries,rules,pivot8_wet_boundaries.udata,core,core/rules/pivot8_wet_boundaries.udata,670,fc7b93a8eb3364671d21fbd99058a91ca15002613f2b4965735e910c53e8e3bb,0,true
pivot9_live_fire,rules,pivot9_live_fire.udata,core,core/rules/pivot9_live_fire.udata,518,539ed1ea572c4d82aa06943203a6b1ab4bef270aa1b685117afcaffa0fc802e8,0,true
authoring_lab_panel_selector,ui,authoring_lab_panel_selector.scui,core,core/ui/authoring_lab_panel_selector.scui,1303,0f36c8982dffa24b81ff8f5f303f12b3cda7947d671dd7d1bc81341d548329e4,0,true
authoring_lab_project_selector,ui,authoring_lab_project_selector.scui,core,core/ui/authoring_lab_project_selector.scui,2032,6fc6c1102f6a678e683dfa8c7a14165a0bee8b5fe0b4f188519c69cd3bf971bf,0,true
light_lab_control_surface,ui,light_lab_control_surface.scui,core,core/ui/light_lab_control_surface.scui,3499,c194564073bd88f5b85926cab87aa0f2aee2fe99bad4d1961f6e8745dd8cc892,0,true
scui_panel_registry,ui,scui_panel_registry.udata,core,core/ui/scui_panel_registry.udata,1642,32ad09f2a1424ffff1a6f4ae7b4a30ac0148c74e8fb5080f1eb6b1824accf8cf,0,true
tupd_workbench,ui,tupd_workbench.scui,core,core/ui/tupd_workbench.scui,4990,a616d8cd413286d0779a1c34755a0042ad4b195697ea230aaa5c1ea6990af83f,0,true
service_pistol,weapons,service_pistol.udata,core,core/weapons/service_pistol.udata,658,712cdea949b5f19e29b2650904effc1233a5f0351ba6115c8246aa9544a0af83,0,true
signal_prybar,weapons,signal_prybar.udata,core,core/weapons/signal_prybar.udata,597,2e4b644dbae0463659d870d859f3357702092a85c07ac078c843cadf2180a8de,0,true
pivot11_scavenger_exchange,world,pivot11_scavenger_exchange.udata,core,core/world/pivot11_scavenger_exchange.udata,520,80a3c7c2679bbe141760a6beda48eaf00ba088d9cae06de1c2cdc584b87c4753,0,true
pivot2_liminal_slice,world,pivot2_liminal_slice.udata,core,core/world/pivot2_liminal_slice.udata,597,5d327f9af209f457f117b043411723c3f07b0b60a3b3994a9c1b3112a8eca572,0,true
pivot3_portal_graph,world,pivot3_portal_graph.udata,core,core/world/pivot3_portal_graph.udata,629,cf2d8c17d8a35c686e91b7a40a62fc0de4b5a22ed2138dd030773b6110913e28,0,true
pivot5_lab,world,pivot5_lab.udata,core,core/world/pivot5_lab.udata,576,cea19ebe7f3a0208f809c73174a4c2574e23b65b521152be41acc203307bee51,0,true
pivot6_room_complex,world,pivot6_room_complex.udata,core,core/world/pivot6_room_complex.udata,927,09ed8dce17d642d35e187fdd5dc7922f76877837b3ddfc4b9cc03837ed21d22a,0,true
pivot7_threshold_gallery,world,pivot7_threshold_gallery.udata,core,core/world/pivot7_threshold_gallery.udata,535,f0d84ffc158076a66d9d3245fe7b5fae76f29122a12c35b1695360973f4560bc,0,true
pivot8_submerged_boundary_lab,world,pivot8_submerged_boundary_lab.udata,core,core/world/pivot8_submerged_boundary_lab.udata,769,89f964523fe2f461fc69e05a38fd954ed77c6fd003f6f500257dde21e8795bcb,0,true
pivot9_signal_range,world,pivot9_signal_range.udata,core,core/world/pivot9_signal_range.udata,764,04a54817f66c2b37b36bc62a7af355d232b651d81e464273dcd8d91cfe0b3257,0,true
pivot_room,world,pivot_room.udata,core,core/world/pivot_room.udata,343,528a1e42412ddcb065c467657d6860e4134a086b253bc56b671662dcd59d4e08,0,true
a3_preview_marker,environment_object,a3_preview_marker,pcp3_assets,pcp3_assets/environment_object/a3_preview_marker/a3_preview_marker.pcp3,2186,81dc235e9f2030b83f434e6738a69ed6e1f218936fa5f9f98e66df1386443c82,0,true
a3_preview_marker.pcp3.asset,environment_object,a3_preview_marker,pcp3_assets,pcp3_assets/environment_object/a3_preview_marker/a3_preview_marker.pcp3.asset.udata,339,c21dde2e644dc7780905cdb99efe7afd143a6ee655549fa441e0590386751a0d,0,true
a3_preview_marker,environment_object,a3_preview_marker,pcp3_assets,pcp3_assets/environment_object/a3_preview_marker/a3_preview_marker.pcp3cloud,24512,199d62321f5179a168163777202b9557bba48f48a57b50901e670688d1e3cadd,0,true
a3_preview_marker.pcpcert,environment_object,a3_preview_marker,pcp3_assets,pcp3_assets/environment_object/a3_preview_marker/a3_preview_marker.pcpcert.json,4050,90a67764e458def46817a9ff29a6b86ffe3f597c92f36905311c89c9fe02876d,0,true
a3_preview_marker,environment_object,a3_preview_marker,pcp3_assets,pcp3_assets/environment_object/a3_preview_marker/a3_preview_marker.udata,4721,adba8c9106279fa015b72841482ee0def4664d9cf01d1998461c36e4914638d5,0,true
Bone_Weight_Hard,Bone_Weight_Hard.3dbrush,general,pcp3_brushes,pcp3_brushes/Bone_Weight_Hard.3dbrush,2540,c75326083a3cd89344cb83b9120636a6f3948c80848b94f45fb3260709fca6f9,0,true
Bone_Weight_Soft,Bone_Weight_Soft.3dbrush,general,pcp3_brushes,pcp3_brushes/Bone_Weight_Soft.3dbrush,7683,edcf605859fa965cf370131fc3780ff8d64771404d17efda88066de48510e45e,0,true
Cross,Cross.3dbrush,general,pcp3_brushes,pcp3_brushes/Cross.3dbrush,5135,f2c94d9599fae34af96cacf622e0bfb5f18a3ea7e2db99b287b7eb4dfc7a2da0,0,true
Flow_Strength_Soft,Flow_Strength_Soft.3dbrush,general,pcp3_brushes,pcp3_brushes/Flow_Strength_Soft.3dbrush,7660,a7f11fc6e32d570ad3caddeb9e1f813b565ef63e3098aa95402650253b4b9636,0,true
Limb_Weight_Soft,Limb_Weight_Soft.3dbrush,general,pcp3_brushes,pcp3_brushes/Limb_Weight_Soft.3dbrush,5054,44e0086ceda7112d958514455678148fcfd7aad88e180698b5ce6ab1108ef588,0,true
Root_Weight_Soft,Root_Weight_Soft.3dbrush,general,pcp3_brushes,pcp3_brushes/Root_Weight_Soft.3dbrush,7814,0101f3582f5348a15128ff8fcd6efd382d1d5c2f624b5447db4dd85cf2adc836,0,true
Round_Soft,Round_Soft.3dbrush,general,pcp3_brushes,pcp3_brushes/Round_Soft.3dbrush,7690,8cd59c4f4d0356d18d89038a666e4130de3eebeb545aab389e482853379de17f,0,true
Square_Solid,Square_Solid.3dbrush,general,pcp3_brushes,pcp3_brushes/Square_Solid.3dbrush,2465,cefef1edaf69534a37c297f9822c01394b71d2776ea066747a2b36142b1b8a14,0,true
Trigger_Marker,Trigger_Marker.3dbrush,general,pcp3_brushes,pcp3_brushes/Trigger_Marker.3dbrush,3342,4fec158af827d02275877b0dfffdc670dafda5564b5f9a9b8a46f21fc01e8218,0,true
VALIDATION_REPORT,showcase,modular_office_wall_panel,starter,starter/showcase/modular_office_wall_panel/VALIDATION_REPORT.md,415,fa7305ca0dedd0e22cceff0a16d001996d961f9762f357a7cb97e34f5993a549,0,true
modular_office_wall_panel,showcase,modular_office_wall_panel,starter,starter/showcase/modular_office_wall_panel/modular_office_wall_panel.pcp3,2506,3802a39914d0dc5c8f1613de68eae177696f6f5410addbc9a95fe83ac7d2a443,0,true
modular_office_wall_panel.pcp3.asset,showcase,modular_office_wall_panel,starter,starter/showcase/modular_office_wall_panel/modular_office_wall_panel.pcp3.asset.udata,345,ef7449b6dd7d9f16958bde1671ae63b8e20fefb9c046fe8444ce8491c586ba3b,0,true
modular_office_wall_panel,showcase,modular_office_wall_panel,starter,starter/showcase/modular_office_wall_panel/modular_office_wall_panel.pcp3cloud,136896,69e397a03bafa809fb32a84f8514f7a5af1cb76f95270070b1e42cfb379dd89d,0,true
modular_office_wall_panel.pcp3cloud.asset,showcase,modular_office_wall_panel,starter,starter/showcase/modular_office_wall_panel/modular_office_wall_panel.pcp3cloud.asset.udata,390,7a1db1a8c6e6c6bb680a50af36e19f646c0b7aa459e0945dc136c88c00083bda,0,true
modular_office_wall_panel.pcpcert,showcase,modular_office_wall_panel,starter,starter/showcase/modular_office_wall_panel/modular_office_wall_panel.pcpcert.json,1503,67a015402f06a289413d1a6058df3bb83cbd20571e69dee85d8e9400a0f07b05,0,true
modular_office_wall_panel.pcpcert.json.asset,showcase,modular_office_wall_panel,starter,starter/showcase/modular_office_wall_panel/modular_office_wall_panel.pcpcert.json.asset.udata,395,4d1fc55a60921fce9d74d2e43c63ac2c46817edeaf576a5ccce08e6c40edade8,0,true
modular_office_wall_panel,showcase,modular_office_wall_panel,starter,starter/showcase/modular_office_wall_panel/modular_office_wall_panel.scphysics,803,22e9f76cfac23815ecf47fe55e99fe1d5c2cc687791c8561c6849eaa6d04b48c,0,true
modular_office_wall_panel.scphysics.asset,showcase,modular_office_wall_panel,starter,starter/showcase/modular_office_wall_panel/modular_office_wall_panel.scphysics.asset.udata,399,077897713e39ce8966d0f9dd61b90d60f2b27a860a106bf80cac59c15856fb67,0,true
modular_office_wall_panel,showcase,modular_office_wall_panel,starter,starter/showcase/modular_office_wall_panel/modular_office_wall_panel.scshowcase,341,47ce661031628bbf155ecb4b5e1767d45242e5630ca4d3e0564b3c9633368cc7,0,true
modular_office_wall_panel.scshowcase.asset,showcase,modular_office_wall_panel,starter,starter/showcase/modular_office_wall_panel/modular_office_wall_panel.scshowcase.asset.udata,467,1adcaf6dba1cfb342eecfbcb525228c3c34a6093f880cc6afa72145abc5338d9,0,true
provenance,showcase,modular_office_wall_panel,starter,starter/showcase/modular_office_wall_panel/provenance.json,695,6f70bbf901399ef13193802192803895fa5e7829c19c252617d1661efffb08b4,0,true
provenance.json.asset,showcase,modular_office_wall_panel,starter,starter/showcase/modular_office_wall_panel/provenance.json.asset.udata,394,8b9b6efd15ca1decf33d455fe36f13dcce4ec4f7a858d3e128d4c8c4721f31ff,0,true
modular_office_wall_panel.source,showcase,modular_office_wall_panel,starter,starter/showcase/modular_office_wall_panel/source/modular_office_wall_panel.source.udata,172,a4db61c2c842de3aa11cc017197d7578e9d85637625d2a962255445369ae5fdf,0,true
modular_office_wall_panel.source.udata.asset,showcase,modular_office_wall_panel,starter,starter/showcase/modular_office_wall_panel/source/modular_office_wall_panel.source.udata.asset.udata,381,f9852ab0a15e2494f67001b1585dd40a597ca3b514e92aad139677097034cb63,0,true
VALIDATION_REPORT,showcase,office_shipping_crate,starter,starter/showcase/office_shipping_crate/VALIDATION_REPORT.md,406,baf54d0e6e5ed222256866985fced0dd306b9aa31ef90b1451011caf63ac5752,0,true
office_shipping_crate,showcase,office_shipping_crate,starter,starter/showcase/office_shipping_crate/office_shipping_crate.pcp3,2476,1737a8fae5edae3e534ca290f9474492421349203848f976ed60147d3322bd49,0,true
office_shipping_crate.pcp3.asset,showcase,office_shipping_crate,starter,starter/showcase/office_shipping_crate/office_shipping_crate.pcp3.asset.udata,341,d2f8f545d3b851c170e8dae5e9d0ed8f60f039228099324d70f28f1e466be0e6,0,true
office_shipping_crate,showcase,office_shipping_crate,starter,starter/showcase/office_shipping_crate/office_shipping_crate.pcp3cloud,61120,b37b782c7ae98f64d5ca261bacae84a0fd48d3c32903c59628e27f0c8b87c44f,0,true
office_shipping_crate.pcp3cloud.asset,showcase,office_shipping_crate,starter,starter/showcase/office_shipping_crate/office_shipping_crate.pcp3cloud.asset.udata,382,54b563de84d4c82bade942748a300e42398619290dfb824c580e6e51534b9927,0,true
office_shipping_crate.pcpcert,showcase,office_shipping_crate,starter,starter/showcase/office_shipping_crate/office_shipping_crate.pcpcert.json,3422,c20bd0ec0af4a637b3ae5f5eacc0ec69be59af28073268f3cf21f878c7600cdf,0,true
office_shipping_crate.pcpcert.json.asset,showcase,office_shipping_crate,starter,starter/showcase/office_shipping_crate/office_shipping_crate.pcpcert.json.asset.udata,387,dfd3bf4fe372baecf015870bfec40f1629d04e1edfa554af7ae21bb91fbc6ff8,0,true
office_shipping_crate,showcase,office_shipping_crate,starter,starter/showcase/office_shipping_crate/office_shipping_crate.scphysics,749,a581bc5f65be7d0cd8148dd3d1db0a703f04a71f8802974a0de8e9627e8c79e0,0,true
office_shipping_crate.scphysics.asset,showcase,office_shipping_crate,starter,starter/showcase/office_shipping_crate/office_shipping_crate.scphysics.asset.udata,391,22623856086055ca2ef1ea9d9d433bf720655f5cb9d3c8100989f5dd30a14d4a,0,true
office_shipping_crate,showcase,office_shipping_crate,starter,starter/showcase/office_shipping_crate/office_shipping_crate.scshowcase,341,47ce661031628bbf155ecb4b5e1767d45242e5630ca4d3e0564b3c9633368cc7,0,true
office_shipping_crate.scshowcase.asset,showcase,office_shipping_crate,starter,starter/showcase/office_shipping_crate/office_shipping_crate.scshowcase.asset.udata,455,45210efc48babf5e71f04989492cf2c356749192ab720edca01dfa09051b7bd0,0,true
provenance,showcase,office_shipping_crate,starter,starter/showcase/office_shipping_crate/provenance.json,670,49ab979aa954c9d43d904964e24a59147c9326899b5b28df68a26f1b39c2fd90,0,true
provenance.json.asset,showcase,office_shipping_crate,starter,starter/showcase/office_shipping_crate/provenance.json.asset.udata,386,8aed99816b5a00f689c22719e1daa0f054118a4dd54c861f4bafa7ddab2762f2,0,true
office_shipping_crate.source,showcase,office_shipping_crate,starter,starter/showcase/office_shipping_crate/source/office_shipping_crate.source.udata,168,24d3831bafa07c579d5ccfde3af296d2819106f7b80d457d5e3f5dbd8438b1c5,0,true
office_shipping_crate.source.udata.asset,showcase,office_shipping_crate,starter,starter/showcase/office_shipping_crate/source/office_shipping_crate.source.udata.asset.udata,373,d0a13650d02d915abad0d04473310dc50917a69bae385a443a56934ed4390fa0,0,true
VALIDATION_REPORT,showcase,portable_signal_beacon,starter,starter/showcase/portable_signal_beacon/VALIDATION_REPORT.md,410,19ab45e754d2328b52e3ac2700f747f1b6711e4d72a2a5dd82c6d6564259e0b6,0,true
portable_signal_beacon,showcase,portable_signal_beacon,starter,starter/showcase/portable_signal_beacon/portable_signal_beacon.pcp3,2483,f5a3abd8cacbd9f6bd87eaed3107f997bce8a4892338c87f0282c8eacfc0334d,0,true
portable_signal_beacon.pcp3.asset,showcase,portable_signal_beacon,starter,starter/showcase/portable_signal_beacon/portable_signal_beacon.pcp3.asset.udata,342,8b89207219af7bb6f8004d43f0de7f9300f6da89a46e66ef1a4d5e120e653b74,0,true
portable_signal_beacon,showcase,portable_signal_beacon,starter,starter/showcase/portable_signal_beacon/portable_signal_beacon.pcp3cloud,52672,d770ee42ab7006aa7e0a46c5220041f2e6497f17fee3b71bd3779abe08774128,0,true
portable_signal_beacon.pcp3cloud.asset,showcase,portable_signal_beacon,starter,starter/showcase/portable_signal_beacon/portable_signal_beacon.pcp3cloud.asset.udata,384,500d795272f8e3e5742df91117a25cb3d15d177f8c405369b1f37591def16a44,0,true
portable_signal_beacon.pcpcert,showcase,portable_signal_beacon,starter,starter/showcase/portable_signal_beacon/portable_signal_beacon.pcpcert.json,2522,a23a86819115efa1300605567ae49052416d6bacc24c035b8c826cf34bc1f9ea,0,true
portable_signal_beacon.pcpcert.json.asset,showcase,portable_signal_beacon,starter,starter/showcase/portable_signal_beacon/portable_signal_beacon.pcpcert.json.asset.udata,389,dc9c70210e13c23fce1b3d08d9c5296c257789fbce7d37334cc1eceb93f74d7b,0,true
portable_signal_beacon,showcase,portable_signal_beacon,starter,starter/showcase/portable_signal_beacon/portable_signal_beacon.scphysics,715,6d6fabc4fd269adddce915b5112659295d2d7f700deb6713dd43873d4851a4b8,0,true
portable_signal_beacon.scphysics.asset,showcase,portable_signal_beacon,starter,starter/showcase/portable_signal_beacon/portable_signal_beacon.scphysics.asset.udata,393,a4e9e5149e0b8e3d553a554cb62150e14f2194de9051e3b0d057979df35c671f,0,true
portable_signal_beacon,showcase,portable_signal_beacon,starter,starter/showcase/portable_signal_beacon/portable_signal_beacon.scshowcase,338,51b7268bac515199e6cf3e6ce7c190094463c7f84143da25317f882a78b2a054,0,true
portable_signal_beacon.scshowcase.asset,showcase,portable_signal_beacon,starter,starter/showcase/portable_signal_beacon/portable_signal_beacon.scshowcase.asset.udata,458,b97ef1cfec13f776df4150eaced8d967029ed23e0d3bac00e43f9f3d12d56b1f,0,true
provenance,showcase,portable_signal_beacon,starter,starter/showcase/portable_signal_beacon/provenance.json,676,e1172fbc1e2fb6c4afe440a7cb113a2ccb24c3f3229efd06f43a7e2bc46625ac,0,true
provenance.json.asset,showcase,portable_signal_beacon,starter,starter/showcase/portable_signal_beacon/provenance.json.asset.udata,388,b49f0226bda948ed079e61398cbf69194502f89c96ae2a8cf5d5895dba6b03db,0,true
portable_signal_beacon.source,showcase,portable_signal_beacon,starter,starter/showcase/portable_signal_beacon/source/portable_signal_beacon.source.udata,169,60df8fbd8c53eeceb66a3858a61faa887d20a791002835a46374745e439111f6,0,true
portable_signal_beacon.source.udata.asset,showcase,portable_signal_beacon,starter,starter/showcase/portable_signal_beacon/source/portable_signal_beacon.source.udata.asset.udata,375,66faa67075a2443a89da4d337a22a995e58dae932557bc0eb47fe90c0c39d58e,0,true
VALIDATION_REPORT,showcase,rolling_file_cabinet,starter,starter/showcase/rolling_file_cabinet/VALIDATION_REPORT.md,405,17a0d1eee2aac85052cee2181c75a574dc66a7f48556ec056e18c3fa24515f15,0,true
provenance,showcase,rolling_file_cabinet,starter,starter/showcase/rolling_file_cabinet/provenance.json,665,fdbc4335ded2255d373ece5d2d776b2d0aac47f9385e36ccc194b58364d5f8bb,0,true
provenance.json.asset,showcase,rolling_file_cabinet,starter,starter/showcase/rolling_file_cabinet/provenance.json.asset.udata,384,8acbeff658dee0f9b1b39fd9add4512d3ad5111150563108668f1b34c0c00f08,0,true
rolling_file_cabinet,showcase,rolling_file_cabinet,starter,starter/showcase/rolling_file_cabinet/rolling_file_cabinet.pcp3,2471,e88329407cc63f05a5b24c7919da238c3c0079160da2d74f3437135753bfd35f,0,true
rolling_file_cabinet.pcp3.asset,showcase,rolling_file_cabinet,starter,starter/showcase/rolling_file_cabinet/rolling_file_cabinet.pcp3.asset.udata,340,4bc5182a545c57585267d1575ec46320685ddd344852c1f7274075e3bbebec14,0,true
rolling_file_cabinet,showcase,rolling_file_cabinet,starter,starter/showcase/rolling_file_cabinet/rolling_file_cabinet.pcp3cloud,99008,a4aa809a2b370a4d01c80df80ff8c4ff6b0e37ab3990dc38082bfaec7519f6d0,0,true
rolling_file_cabinet.pcp3cloud.asset,showcase,rolling_file_cabinet,starter,starter/showcase/rolling_file_cabinet/rolling_file_cabinet.pcp3cloud.asset.udata,380,fade7e38d0eb28c947f07a502d0a6430846385a3cafc7e943246947a0a57d152,0,true
rolling_file_cabinet.pcpcert,showcase,rolling_file_cabinet,starter,starter/showcase/rolling_file_cabinet/rolling_file_cabinet.pcpcert.json,1503,e349ed55f7b95da3e7476ae8127811bdba9ab7d83deae29d5f937814e3e20f2f,0,true
rolling_file_cabinet.pcpcert.json.asset,showcase,rolling_file_cabinet,starter,starter/showcase/rolling_file_cabinet/rolling_file_cabinet.pcpcert.json.asset.udata,385,a4ba6cec1cefc856e9515e3d20d474dde0d174caba56e790f26212dfebf8a5e0,0,true
rolling_file_cabinet,showcase,rolling_file_cabinet,starter,starter/showcase/rolling_file_cabinet/rolling_file_cabinet.scphysics,719,9de54a910c16ba24fc8d925b727ea7443f1696934509689eb8ca66e2691121ec,0,true
rolling_file_cabinet.scphysics.asset,showcase,rolling_file_cabinet,starter,starter/showcase/rolling_file_cabinet/rolling_file_cabinet.scphysics.asset.udata,389,b3a41dfdc66b2ad77ec0744907ab3f0596129edfb5e9847798d213b779691e19,0,true
rolling_file_cabinet,showcase,rolling_file_cabinet,starter,starter/showcase/rolling_file_cabinet/rolling_file_cabinet.scshowcase,341,47ce661031628bbf155ecb4b5e1767d45242e5630ca4d3e0564b3c9633368cc7,0,true
rolling_file_cabinet.scshowcase.asset,showcase,rolling_file_cabinet,starter,starter/showcase/rolling_file_cabinet/rolling_file_cabinet.scshowcase.asset.udata,452,e47b684174712fdd799ea5f126491c0004e29838907f6018b0475831a9af0be6,0,true
rolling_file_cabinet.source,showcase,rolling_file_cabinet,starter,starter/showcase/rolling_file_cabinet/source/rolling_file_cabinet.source.udata,167,4074c97fac9dffce3e50ae55a7d69f104f1b61c2e9d1804e655770ac28d4e00e,0,true
rolling_file_cabinet.source.udata.asset,showcase,rolling_file_cabinet,starter,starter/showcase/rolling_file_cabinet/source/rolling_file_cabinet.source.udata.asset.udata,371,b727bb603e916834b127197b3d88fc255db4bfc229225f15235982e8113c8e24,0,true
VALIDATION_REPORT,showcase,signal_conduit_section,starter,starter/showcase/signal_conduit_section/VALIDATION_REPORT.md,413,ea0be323a58336b8113c3fb36f91b86fed0ba25c62a5bba1fb63cce22cd4f713,0,true
provenance,showcase,signal_conduit_section,starter,starter/showcase/signal_conduit_section/provenance.json,677,95c7854bfba98f95aa6be4526eb725aeaa4e7b3536f5c36bfe277dd6add54170,0,true
provenance.json.asset,showcase,signal_conduit_section,starter,starter/showcase/signal_conduit_section/provenance.json.asset.udata,388,798cb892d184dff2f455acd08706fd374c1a9c2e79c0eea1c5c20739d996e934,0,true
signal_conduit_section,showcase,signal_conduit_section,starter,starter/showcase/signal_conduit_section/signal_conduit_section.pcp3,2484,1c98529c7b62122c848e775c7dcf14b126b3982056d2c0234818913c7ba72c67,0,true
signal_conduit_section.pcp3.asset,showcase,signal_conduit_section,starter,starter/showcase/signal_conduit_section/signal_conduit_section.pcp3.asset.udata,342,4193a9d94128847514c88486fe6d9079246dabf44306ef4e80f565ee5581a1b1,0,true
signal_conduit_section,showcase,signal_conduit_section,starter,starter/showcase/signal_conduit_section/signal_conduit_section.pcp3cloud,138560,bc265280efd85be48a69766a0830ae925451d6bc6bc74d53baade689145991bb,0,true
signal_conduit_section.pcp3cloud.asset,showcase,signal_conduit_section,starter,starter/showcase/signal_conduit_section/signal_conduit_section.pcp3cloud.asset.udata,384,9e2657bb35565a7d7b98fca36fb19a022b1bcbf2639cd58cae4e6a2df298c817,0,true
signal_conduit_section.pcpcert,showcase,signal_conduit_section,starter,starter/showcase/signal_conduit_section/signal_conduit_section.pcpcert.json,1511,02167513942621e677dafefa27b62e183ccc70631f132475772431f76be6ff61,0,true
signal_conduit_section.pcpcert.json.asset,showcase,signal_conduit_section,starter,starter/showcase/signal_conduit_section/signal_conduit_section.pcpcert.json.asset.udata,389,c48066b1e3c362968b1452f354983f836aad37071ddb0c217d63fc6e6055e7fc,0,true
signal_conduit_section,showcase,signal_conduit_section,starter,starter/showcase/signal_conduit_section/signal_conduit_section.scphysics,891,ccc59913968a9f155b01d8c9cb918a3e3cdb6b25228357738b85004d9c7392a1,0,true
signal_conduit_section.scphysics.asset,showcase,signal_conduit_section,starter,starter/showcase/signal_conduit_section/signal_conduit_section.scphysics.asset.udata,393,c6472e7e70c18c0153a75452b91f101b65f225dc29d7a48eb76c0d3828e3e3d2,0,true
signal_conduit_section,showcase,signal_conduit_section,starter,starter/showcase/signal_conduit_section/signal_conduit_section.scshowcase,341,47ce661031628bbf155ecb4b5e1767d45242e5630ca4d3e0564b3c9633368cc7,0,true
signal_conduit_section.scshowcase.asset,showcase,signal_conduit_section,starter,starter/showcase/signal_conduit_section/signal_conduit_section.scshowcase.asset.udata,458,d46dff38278bafb85dd8cd63453a1df26b9ced7b82cb40b7b01e0bf8ee338ac4,0,true
signal_conduit_section.source,showcase,signal_conduit_section,starter,starter/showcase/signal_conduit_section/source/signal_conduit_section.source.udata,169,9a6960be77960d12bbc6163f05cd5ba1933979fb8cf29cb9bb8aedfc4511a294,0,true
signal_conduit_section.source.udata.asset,showcase,signal_conduit_section,starter,starter/showcase/signal_conduit_section/source/signal_conduit_section.source.udata.asset.udata,375,6e3cc1078a1c49ef80e4001d6474287d82415e14f4d33678578007bd8dfb688c,0,true
VALIDATION_REPORT,showcase,signal_door_frame,starter,starter/showcase/signal_door_frame/VALIDATION_REPORT.md,404,8e8d24c2216a07893a761a3c2dcc1063469d8f37a7fe201a7d9667d871925112,0,true
provenance,showcase,signal_door_frame,starter,starter/showcase/signal_door_frame/provenance.json,647,e7d88070203536ed3ab1fbc6b16e881790c01b2ea24582048d0244b1b930a725,0,true
provenance.json.asset,showcase,signal_door_frame,starter,starter/showcase/signal_door_frame/provenance.json.asset.udata,378,1279e1329e8b00444c0021fc719c51fe110c57ef551ad646b5b984ff6e9e26ed,0,true
signal_door_frame,showcase,signal_door_frame,starter,starter/showcase/signal_door_frame/signal_door_frame.pcp3,2448,839395626a6142f47d9fb484c43a55b15a873993aad3aa02408a4d50d6abf086,0,true
signal_door_frame.pcp3.asset,showcase,signal_door_frame,starter,starter/showcase/signal_door_frame/signal_door_frame.pcp3.asset.udata,337,ddf5537c72f8b0b92b0fc2cce642c6c647d7f92cbdb4cd524855989cd6983c08,0,true
signal_door_frame,showcase,signal_door_frame,starter,starter/showcase/signal_door_frame/signal_door_frame.pcp3cloud,111424,084571bbcc47a36945031fbe1f0bb2ae93fc4469df53942a2392e9baae027a4a,0,true
signal_door_frame.pcp3cloud.asset,showcase,signal_door_frame,starter,starter/showcase/signal_door_frame/signal_door_frame.pcp3cloud.asset.udata,374,7717d03518d296aeea19fbbdfdb6cf033012087fe47f7543307bf4745afd1ec7,0,true
signal_door_frame.pcpcert,showcase,signal_door_frame,starter,starter/showcase/signal_door_frame/signal_door_frame.pcpcert.json,1499,b12d6f291912d84ca1d1caaadddb6c75b5f23087d84f0852ca7b2f7311498464,0,true
signal_door_frame.pcpcert.json.asset,showcase,signal_door_frame,starter,starter/showcase/signal_door_frame/signal_door_frame.pcpcert.json.asset.udata,379,006d4dd3c845116ddb6d5c0c68e621245eae17bcedd7490f2c30034f9595a362,0,true
signal_door_frame,showcase,signal_door_frame,starter,starter/showcase/signal_door_frame/signal_door_frame.scphysics,790,7127d0245efe0c581b394ba479ce0d1094815b8972b8bc26d864f22649e6a65d,0,true
signal_door_frame.scphysics.asset,showcase,signal_door_frame,starter,starter/showcase/signal_door_frame/signal_door_frame.scphysics.asset.udata,383,27348e9e5ae4e0922fd3c8ad3571606b8b29bae02fd4ad6fabfb3b85b8bf0f27,0,true
signal_door_frame,showcase,signal_door_frame,starter,starter/showcase/signal_door_frame/signal_door_frame.scshowcase,341,47ce661031628bbf155ecb4b5e1767d45242e5630ca4d3e0564b3c9633368cc7,0,true
signal_door_frame.scshowcase.asset,showcase,signal_door_frame,starter,starter/showcase/signal_door_frame/signal_door_frame.scshowcase.asset.udata,443,0fb03ebd85b26bc80ff76bf30bda0c216a0da332d0b8815746d0396aa5c26e2f,0,true
signal_door_frame.source,showcase,signal_door_frame,starter,starter/showcase/signal_door_frame/source/signal_door_frame.source.udata,164,ebcbb6f83a7866b7a5e9140e5374900f259b8394e6d5b646c9d688c2617beeca,0,true
signal_door_frame.source.udata.asset,showcase,signal_door_frame,starter,starter/showcase/signal_door_frame/source/signal_door_frame.source.udata.asset.udata,365,74ebebb3fb9712191947018c9d19ca0b92e069bad4caeceb77a6a643c1eb8545,0,true
VALIDATION_REPORT,showcase,training_actor_block,starter,starter/showcase/training_actor_block/VALIDATION_REPORT.md,406,7e96072cbddda2f433c1be37c6474ec8fab9d66c021bd4170ede0aa33ed0e504,0,true
provenance,showcase,training_actor_block,starter,starter/showcase/training_actor_block/provenance.json,665,bbdc423bbd26da8717dec648538dbe0cc0ff265c53ab901d80cbdf0931e57a62,0,true
provenance.json.asset,showcase,training_actor_block,starter,starter/showcase/training_actor_block/provenance.json.asset.udata,384,4a1ae6016e87bc1a330ba326f8b192b1cbbf77357c70966aaa41447f4956e485,0,true
training_actor_block.source,showcase,training_actor_block,starter,starter/showcase/training_actor_block/source/training_actor_block.source.udata,167,52d16d0a6564bfb3dd5e515f9677c0680156698f4712d04002fed4a2b45f7420,0,true
training_actor_block.source.udata.asset,showcase,training_actor_block,starter,starter/showcase/training_actor_block/source/training_actor_block.source.udata.asset.udata,371,e1dd4d0fc80d5d6c6f5cc9779f3f48677a1fc311fa216feaa1b1e287cf2dee3e,0,true
training_actor_block,showcase,training_actor_block,starter,starter/showcase/training_actor_block/training_actor_block.pcp3,2461,99c84e70e2ea998e39e8f683b9a3ad45ee290843b56e589b19b06620c7beceea,0,true
training_actor_block.pcp3.asset,showcase,training_actor_block,starter,starter/showcase/training_actor_block/training_actor_block.pcp3.asset.udata,340,9ef5950737dbd5acf889ae4cd03a57d277588e3de8661c96c132098704c04c01,0,true
training_actor_block,showcase,training_actor_block,starter,starter/showcase/training_actor_block/training_actor_block.pcp3cloud,152384,a7a596b70eb8a416eda80167c68e6a70cdb0309ef485d68847e0076aa2b9cd7d,0,true
training_actor_block.pcp3cloud.asset,showcase,training_actor_block,starter,starter/showcase/training_actor_block/training_actor_block.pcp3cloud.asset.udata,380,b1095f09eed6cd5a23287402f390a131ba83a786d48f215f63dfaee859de33ca,0,true
training_actor_block.pcpcert,showcase,training_actor_block,starter,starter/showcase/training_actor_block/training_actor_block.pcpcert.json,1493,3edca78118924b9f17670da58f460adb1204160bfbf7cf4c8048573ab94704ff,0,true
training_actor_block.pcpcert.json.asset,showcase,training_actor_block,starter,starter/showcase/training_actor_block/training_actor_block.pcpcert.json.asset.udata,385,7eb072254e1e8cfdbf891833cdfa943b7237530897b59e4c533b6e6210be4086,0,true
training_actor_block,showcase,training_actor_block,starter,starter/showcase/training_actor_block/training_actor_block.scphysics,917,2d202ed0c483ccbd28297bc8d46627980923d2c9ab175241d194055fc2702025,0,true
training_actor_block.scphysics.asset,showcase,training_actor_block,starter,starter/showcase/training_actor_block/training_actor_block.scphysics.asset.udata,389,319c9852c48270e6abcf669ba9c7f8132c4ff8507f1c6cb4ecd8f51a7c2a68c1,0,true
training_actor_block,showcase,training_actor_block,starter,starter/showcase/training_actor_block/training_actor_block.scshowcase,357,089696c73227e87c6767c479f15d478958b3cc7e58fbb507e32714defe7e0573,0,true
training_actor_block.scshowcase.asset,showcase,training_actor_block,starter,starter/showcase/training_actor_block/training_actor_block.scshowcase.asset.udata,452,44d81fb433535cefa2de5b77955da4230843b4c2992c7d36de5664018498b439,0,true
VALIDATION_REPORT,showcase,tupd_tool_body,starter,starter/showcase/tupd_tool_body/VALIDATION_REPORT.md,398,fc582693f490ac365b4a99aa27e5872329edb144b8f0a773ac64ac875702dcf1,0,true
provenance,showcase,tupd_tool_body,starter,starter/showcase/tupd_tool_body/provenance.json,629,204dc85f26b3d92ada75cacd17ecde0f84f79894bdffb971df18e59109e522cc,0,true
provenance.json.asset,showcase,tupd_tool_body,starter,starter/showcase/tupd_tool_body/provenance.json.asset.udata,372,9dcdef383927abd468003dd35a9c73e5f40d9caf0a99cb2fceb66899edca8ddc,0,true
tupd_tool_body.source,showcase,tupd_tool_body,starter,starter/showcase/tupd_tool_body/source/tupd_tool_body.source.udata,161,30a8dc894a63e85f1ffda59172146d7e5cd9c434dc33ecd071eba47037027d0e,0,true
tupd_tool_body.source.udata.asset,showcase,tupd_tool_body,starter,starter/showcase/tupd_tool_body/source/tupd_tool_body.source.udata.asset.udata,359,b0fb6813b2f4dd000b5f584575cd0639daa9c41edf1bc6fdc3863634082d9f79,0,true
tupd_tool_body,showcase,tupd_tool_body,starter,starter/showcase/tupd_tool_body/tupd_tool_body.pcp3,2421,d9ffacfd75329b379c0f557d53920df3a14853028a945a37e3b9e18944a70534,0,true
tupd_tool_body.pcp3.asset,showcase,tupd_tool_body,starter,starter/showcase/tupd_tool_body/tupd_tool_body.pcp3.asset.udata,334,0289e4eb71ed0a98ab4474b81d614d60c163c56e67f55faf9fe4200ae73ce75a,0,true
tupd_tool_body,showcase,tupd_tool_body,starter,starter/showcase/tupd_tool_body/tupd_tool_body.pcp3cloud,120640,54c04d845827ab9fb0364537161083bc75c6fd2924f98fe1a38ce0fe25d46934,0,true
tupd_tool_body.pcp3cloud.asset,showcase,tupd_tool_body,starter,starter/showcase/tupd_tool_body/tupd_tool_body.pcp3cloud.asset.udata,368,d5861d9587202ec63bd3509a65216a5c96986c5852637711a8961bd7cad2cc28,0,true
tupd_tool_body.pcpcert,showcase,tupd_tool_body,starter,starter/showcase/tupd_tool_body/tupd_tool_body.pcpcert.json,1497,131540ad6067901ea1fa590d26ab838b5d90b5e7f55dc6e013b4f80bd0f46f5b,0,true
tupd_tool_body.pcpcert.json.asset,showcase,tupd_tool_body,starter,starter/showcase/tupd_tool_body/tupd_tool_body.pcpcert.json.asset.udata,373,db7399259bf1c876ced9624d7412234aa2f14b9fd7615d2afdf7326bde9bc86f,0,true
tupd_tool_body,showcase,tupd_tool_body,starter,starter/showcase/tupd_tool_body/tupd_tool_body.scphysics,1002,4fb202d978cf872e87f15019ecaa4a29d516b645ebeb7fd84efcbd052ae3b5a3,0,true
tupd_tool_body.scphysics.asset,showcase,tupd_tool_body,starter,starter/showcase/tupd_tool_body/tupd_tool_body.scphysics.asset.udata,377,984f7aee5da7ce0c3ed2650c27f67830d4a1b121c0a42b3f102bbd9d01e083bd,0,true
tupd_tool_body,showcase,tupd_tool_body,starter,starter/showcase/tupd_tool_body/tupd_tool_body.scshowcase,341,47ce661031628bbf155ecb4b5e1767d45242e5630ca4d3e0564b3c9633368cc7,0,true
tupd_tool_body.scshowcase.asset,showcase,tupd_tool_body,starter,starter/showcase/tupd_tool_body/tupd_tool_body.scshowcase.asset.udata,434,fbef751ab434f8aa45fb18dce9ad81a57f5b14801adfb42dc7d3861ddef86489,0,true
VALIDATION_REPORT,showcase,universal_mount_bracket,starter,starter/showcase/universal_mount_bracket/VALIDATION_REPORT.md,416,34bf0bb857c24cbc20442b215bc8b3024a84a450712ae46978df52669915f1e1,0,true
provenance,showcase,universal_mount_bracket,starter,starter/showcase/universal_mount_bracket/provenance.json,683,397a2a29d5ee7c6c32653890a171cdd2c2fe703e0cda94064496901482e39bb9,0,true
provenance.json.asset,showcase,universal_mount_bracket,starter,starter/showcase/universal_mount_bracket/provenance.json.asset.udata,390,7a4d4ff4581be0613b6b32196893f52b9d02bce9a272c11635f4f98187e41328,0,true
universal_mount_bracket.source,showcase,universal_mount_bracket,starter,starter/showcase/universal_mount_bracket/source/universal_mount_bracket.source.udata,170,5a7260fc2471ba114e1e44006e5d133247de8ca59a93347be2d0d4c74ef1093e,0,true
universal_mount_bracket.source.udata.asset,showcase,universal_mount_bracket,starter,starter/showcase/universal_mount_bracket/source/universal_mount_bracket.source.udata.asset.udata,377,3ed7d2d26fd5cb5b07fa6249be208f0c189c89b181fd4706d36c9c03924d9190,0,true
universal_mount_bracket,showcase,universal_mount_bracket,starter,starter/showcase/universal_mount_bracket/universal_mount_bracket.pcp3,2490,0bcbf25b133e1133b3f7e1349ea0a64aa696b5b6506e1f204cbacd90d8cb8533,0,true
universal_mount_bracket.pcp3.asset,showcase,universal_mount_bracket,starter,starter/showcase/universal_mount_bracket/universal_mount_bracket.pcp3.asset.udata,343,2a1127df82d291d07a7f4e45b8e0cbb33b9184672b1454b9ced448a80e352a05,0,true
universal_mount_bracket,showcase,universal_mount_bracket,starter,starter/showcase/universal_mount_bracket/universal_mount_bracket.pcp3cloud,106432,26404d962547e2514c365a1067a4b12fc787a414382d7c97fe64a4c6fe59e759,0,true
universal_mount_bracket.pcp3cloud.asset,showcase,universal_mount_bracket,starter,starter/showcase/universal_mount_bracket/universal_mount_bracket.pcp3cloud.asset.udata,386,9f84248aa82e4f59ea02ecd8b778732ae7fa7f07e62a32720bf84b6db73fac8b,0,true
universal_mount_bracket.pcpcert,showcase,universal_mount_bracket,starter,starter/showcase/universal_mount_bracket/universal_mount_bracket.pcpcert.json,1509,06b58f72549bc0cd657cef80326e44b7cb97cd7425bcfb28405b1bda7f847ef1,0,true
universal_mount_bracket.pcpcert.json.asset,showcase,universal_mount_bracket,starter,starter/showcase/universal_mount_bracket/universal_mount_bracket.pcpcert.json.asset.udata,391,5928baa643009ee070c2737f9465f1f6e79aad26b32a1309e5cfc16d5cf2e7d5,0,true
universal_mount_bracket,showcase,universal_mount_bracket,starter,starter/showcase/universal_mount_bracket/universal_mount_bracket.scphysics,942,0a02ae91799d712d0c07b440a176f1f6e03ae35c45c459ae5044c5716a04f91e,0,true
universal_mount_bracket.scphysics.asset,showcase,universal_mount_bracket,starter,starter/showcase/universal_mount_bracket/universal_mount_bracket.scphysics.asset.udata,395,cb0e1cfc3edf1a0d64fc1178b950603e4be6337c6d3ee98c81d4915a0914dc96,0,true
universal_mount_bracket,showcase,universal_mount_bracket,starter,starter/showcase/universal_mount_bracket/universal_mount_bracket.scshowcase,341,47ce661031628bbf155ecb4b5e1767d45242e5630ca4d3e0564b3c9633368cc7,0,true
universal_mount_bracket.scshowcase.asset,showcase,universal_mount_bracket,starter,starter/showcase/universal_mount_bracket/universal_mount_bracket.scshowcase.asset.udata,461,1a04b42e6c78cdb7f5e1098a60352d7c43229f4719ebb13839485fd371b1ad19,0,true
VALIDATION_REPORT,showcase,utility_cart,starter,starter/showcase/utility_cart/VALIDATION_REPORT.md,401,83f292ec5af4f88615b8ab5229c1665c776a9a78a41293cf7fcc563ceefd732e,0,true
provenance,showcase,utility_cart,starter,starter/showcase/utility_cart/provenance.json,617,725c27c55da96683fdd860b36a61e03576adc1650e07edca65a8618b8326de68,0,true
provenance.json.asset,showcase,utility_cart,starter,starter/showcase/utility_cart/provenance.json.asset.udata,368,bbfc42b75a57f6389bd0c6b72f3521ba9b69167ebb6ca4a83176620f5ce923fb,0,true
utility_cart.source,showcase,utility_cart,starter,starter/showcase/utility_cart/source/utility_cart.source.udata,159,fdbc0c5bfa683071f85a9432147637a6bc83d5b3536848c2456e9979728b5a11,0,true
utility_cart.source.udata.asset,showcase,utility_cart,starter,starter/showcase/utility_cart/source/utility_cart.source.udata.asset.udata,355,e491138d78dec7aebec96f518b9913243584bc2b9bd8ff08e79c63a98bb47067,0,true
utility_cart,showcase,utility_cart,starter,starter/showcase/utility_cart/utility_cart.pcp3,2418,8d1847351fb130698550b505d9b93ce95d0f081128434c2ebc03f9d0eb557ded,0,true
utility_cart.pcp3.asset,showcase,utility_cart,starter,starter/showcase/utility_cart/utility_cart.pcp3.asset.udata,332,0ff9f375a50efaf623ce59fe1555ac45b65288772ad98da7caf8c04087b6ce4d,0,true
utility_cart,showcase,utility_cart,starter,starter/showcase/utility_cart/utility_cart.pcp3cloud,157376,335125cc21507fda39ae22186c847656157dc7f27cac47d86ecb2cdf783bd014,0,true
utility_cart.pcp3cloud.asset,showcase,utility_cart,starter,starter/showcase/utility_cart/utility_cart.pcp3cloud.asset.udata,364,68aeffbd7a53ae2607c0333db38746a4faddeaaf40dd08e76255a757ccce7d49,0,true
utility_cart.pcpcert,showcase,utility_cart,starter,starter/showcase/utility_cart/utility_cart.pcpcert.json,1495,746432b170f90d0a37994c175c57895dae1463b9b5ec1cefdb66442d02f3b216,0,true
utility_cart.pcpcert.json.asset,showcase,utility_cart,starter,starter/showcase/utility_cart/utility_cart.pcpcert.json.asset.udata,369,307db238548e89cab99dbbb3a9fc42fd9454029c9021ace6a7943df460118305,0,true
utility_cart,showcase,utility_cart,starter,starter/showcase/utility_cart/utility_cart.scphysics,749,94c6bd7201d8c8c64b6fe4f66f19d3cc936777170727097569f79d9ed13203d2,0,true
utility_cart.scphysics.asset,showcase,utility_cart,starter,starter/showcase/utility_cart/utility_cart.scphysics.asset.udata,373,e78fe136b84184bc53e64d0e8ace4cbcaf4621205e43b211fc53cc76552229de,0,true
utility_cart,showcase,utility_cart,starter,starter/showcase/utility_cart/utility_cart.scshowcase,341,47ce661031628bbf155ecb4b5e1767d45242e5630ca4d3e0564b3c9633368cc7,0,true
utility_cart.scshowcase.asset,showcase,utility_cart,starter,starter/showcase/utility_cart/utility_cart.scshowcase.asset.udata,428,bb74b0e1516b78ca8a77d9166ef7f9bfea91c91fab8f6379fa65a336f137f163,0,true
compatible_signal_grip,tupd,compatible_signal_grip,starter,starter/tupd/compatible_signal_grip/compatible_signal_grip.tupd,1514,2ff3a8964943d19f517a50bf55a73655cb663ecf17447c2bf57e572d2ec7c064,0,true
compatible_signal_grip.tupd.asset,tupd,compatible_signal_grip,starter,starter/tupd/compatible_signal_grip/compatible_signal_grip.tupd.asset.udata,334,b4b717c4fb0959f7c9aee155c957fbbe68208e2b6177073f5bc5cbde8c7030bf,0,true
source,tupd,compatible_signal_grip,starter,starter/tupd/compatible_signal_grip/source.udata,229,f8bcfb3ac8bdd801f5cab9774191e74bea90981bbc055c81cbcf2832edd9822b,0,true
source.udata.asset,tupd,compatible_signal_grip,starter,starter/tupd/compatible_signal_grip/source.udata.asset.udata,369,dd4a537c5f1de35ae2e536efd5ddb900fa766dba8c16bfa4355ac8bacdd9f284,0,true
forced_office_bracket,tupd,forced_office_bracket,starter,starter/tupd/forced_office_bracket/forced_office_bracket.tupd,1580,a27a7dd2df5873bdb6f689045e21d46ef0b08d1b2fdfc781ea5c9ac96481d6a9,0,true
forced_office_bracket.tupd.asset,tupd,forced_office_bracket,starter,starter/tupd/forced_office_bracket/forced_office_bracket.tupd.asset.udata,333,e7c73522268f2598f6b7514fcc4b087b67529321003c09f4c81a5ef6bc2697bb,0,true
source,tupd,forced_office_bracket,starter,starter/tupd/forced_office_bracket/source.udata,227,e8005d5100062f5b636ec65baa32a12a87f7a488042133875bc6803df465ccb0,0,true
source.udata.asset,tupd,forced_office_bracket,starter,starter/tupd/forced_office_bracket/source.udata.asset.udata,367,f1572e6a46cac2df7dc6af25fc024a4fd95d0454c19648903b5db1e9ee7e03b2,0,true
full_repair,tupd,full_repair,starter,starter/tupd/full_repair/full_repair.tupd,1495,29c75dd36d570afc0afc4659948d79a78a1b949ff6b5afeca021240bbeafb2ee,0,true
full_repair.tupd.asset,tupd,full_repair,starter,starter/tupd/full_repair/full_repair.tupd.asset.udata,323,494d4f57c361db4f6342e96f3aa557cc56e339ff644dd79e74eb8cd2a078d3c0,0,true
source,tupd,full_repair,starter,starter/tupd/full_repair/source.udata,213,2a1f40774fc962f6cc9999f2bf56da7208986a98f788ccc027dfa93a5df655b3,0,true
source.udata.asset,tupd,full_repair,starter,starter/tupd/full_repair/source.udata.asset.udata,347,42cd8e7e1237cf8c5e6a4812f155eba7032406e0d869dbe5584203eb3c3173b4,0,true
office_barrier,tupd,office_barrier,starter,starter/tupd/office_barrier/office_barrier.tupd,1520,362b314744dc0515b6aa0a00bb70ac2d5ab86c8afb41a05c117cd75da2803b37,0,true
office_barrier.tupd.asset,tupd,office_barrier,starter,starter/tupd/office_barrier/office_barrier.tupd.asset.udata,326,365d6e4fd146ed27bf5e33c8528ebdf3bff614b7af875b12f0d245ab803ca0f9,0,true
source,tupd,office_barrier,starter,starter/tupd/office_barrier/source.udata,215,ec90991c436e763ad7486d8ccb220b6fd2a844f8a7cdfdf54c7c9def932a4ca2,0,true
source.udata.asset,tupd,office_barrier,starter,starter/tupd/office_barrier/source.udata.asset.udata,353,1f7a35f1c007af73880d0419a4df4fbb0cf7bfeba13a20b9c8d90ad6281442fd,0,true
small_repair,tupd,small_repair,starter,starter/tupd/small_repair/small_repair.tupd,1327,33c50619857da172238e108a4dd25bec79949021f244f15a7cf73173ecdf5135,0,true
small_repair.tupd.asset,tupd,small_repair,starter,starter/tupd/small_repair/small_repair.tupd.asset.udata,324,87b0fa4ae72af3325bb4a209b2a84c3c6a8e01d24cefd0c658c1c77d1231d4e5,0,true
source,tupd,small_repair,starter,starter/tupd/small_repair/source.udata,206,d2afc7154ee5d51690153396227d1a1679edad6c7a6ec17754ef8febe42e38b3,0,true
source.udata.asset,tupd,small_repair,starter,starter/tupd/small_repair/source.udata.asset.udata,349,b9849e75c120145bcaeb257092d6c4fb894cbee6c888a6caabb472cb7f9aec67,0,true
hash_dog_bark,audio,hash_dog_bark.scaudio,user,user/audio/hash_dog_bark.scaudio,784,b157f7f6bc1240113bc06a4895c26e82b224e3a67de50a62f651e041a90186fb,0,true
hash_dog_bark.scaudio.asset,audio,hash_dog_bark.scaudio.asset.udata,user,user/audio/hash_dog_bark.scaudio.asset.udata,364,138fa94448bf66279f3231fee813382ce779e3b5b2b5f03279afdb851cce5ab0,0,true
authoring_lab_export,lights,authoring_lab_export.sclight,user,user/lights/authoring_lab_export.sclight,4081,ea95e6c62f0156f1f9ac086d4f5255613aec9112b74973c403642eb9f37f48d7,0,true
authoring_lab_export.sclight.asset,lights,authoring_lab_export.sclight.asset.udata,user,user/lights/authoring_lab_export.sclight.asset.udata,366,6432a035e6741569f8e2a5773a0411366d333f273031026ee2f0d3ef53c59a7c,0,true
